{"DaPigGuy\\PiggyCrates\\libs\\CortexPE\\Commando":{"name":"Commando","antigen":"CortexPE\\Commando","api":"4.0.0","version":"3.0.0","author":"CortexPE","authors":["ParoxityTeam"],"build":{"builder":"PoggitCI\/1.0-beta\/beta poggit-virion\/1.0","builderName":"poggit","buildTime":"2022-02-20T11:19:47+00:00","poggitBuildId":124508,"buildClass":"Dev","projectId":6805,"projectBuildNumber":30,"fromCommit":"b83b2846602ec245fab7918bb68bd3cbc1393112","poggitResourceId":162923}},"DaPigGuy\\PiggyCrates\\libs\\muqsit\\invmenu":{"name":"InvMenu","antigen":"muqsit\\invmenu","api":"4.0.0","version":"4.3.8","author":"Muqsit","build":{"builder":"PoggitCI\/1.0-beta\/beta poggit-virion\/1.0","builderName":"poggit","buildTime":"2022-01-19T12:18:09+00:00","poggitBuildId":121224,"buildClass":"Dev","projectId":1882,"projectBuildNumber":165,"fromCommit":"b1b1f53ab6abdb6927c108d41f81b407fa072aee","poggitResourceId":157357}}}